Workbook
Name Table_Products: Table2[]
Name Table_Sales: Table1[]
Name Table_Sales_Rep: Table3[]

Sheet Data
A1: Raw Sales Data | L1: Product Master | R1: Sales Rep Master
A2: Transaction ID | B2: Date | C2: Sales Rep ID | D2: Product ID | E2: Units Sold | F2: Unit Price | G2: Total Revenue | H2: Commission Tier | I2: Commission Amount | J2: Month | L2: Product ID | M2: Product Name | N2: Category | O2: Unit Price | P2: Commission Rate | R2: Sales Rep ID | S2: Rep Name
A3: 1001 | B3: 45566 | C3: E101 | D3: SNK-01 | E3: 5 | F3: =_xlfn.XLOOKUP(Table1[[#This Row],[Product ID]],Table2[Product ID],Table2[Unit Price]) -> 120 | G3: =Table1[[#This Row],[Units Sold]]*Table1[[#This Row],[Unit Price]] -> 600 | H3: {=_xlfn.IFS(Table1[[#This Row],[Total Revenue]]>1000,"High",Table1[[#This Row],[Total Revenue]]>=500,"Medium",Table1[[#This Row],[Total Revenue]]<500,"Low")} -> Medium | I3: =Table1[[#This Row],[Total Revenue]]*VLOOKUP(Table1[[#This Row],[Product ID]],Table2[],5,FALSE) -> 90 | J3: =TEXT(Table1[[#This Row],[Date]],"mmmm") -> October | L3: SNK-01 | M3: Air Runner | N3: Sneakers | O3: 120 | P3: 0.15 | R3: E101 | S3: Ana
A4: 1002 | B4: 45566 | C4: E102 | D4: ACC-03 | E4: 2 | F4: =_xlfn.XLOOKUP(Table1[[#This Row],[Product ID]],Table2[Product ID],Table2[Unit Price]) -> 50 | G4: =Table1[[#This Row],[Units Sold]]*Table1[[#This Row],[Unit Price]] -> 100 | H4: {=_xlfn.IFS(Table1[[#This Row],[Total Revenue]]>1000,"High",Table1[[#This Row],[Total Revenue]]>=500,"Medium",Table1[[#This Row],[Total Revenue]]<500,"Low")} -> Low | I4: =Table1[[#This Row],[Total Revenue]]*VLOOKUP(Table1[[#This Row],[Product ID]],Table2[],5,FALSE) -> 10 | J4: =TEXT(Table1[[#This Row],[Date]],"mmmm") -> October | L4: SNK-02 | M4: Street Flex | N4: Sneakers | O4: 150 | P4: 0.15 | R4: E102 | S4: Ben
A5: 1003 | B5: 45567 | C5: E103 | D5: SNK-02 | E5: 3 | F5: =_xlfn.XLOOKUP(Table1[[#This Row],[Product ID]],Table2[Product ID],Table2[Unit Price]) -> 150 | G5: =Table1[[#This Row],[Units Sold]]*Table1[[#This Row],[Unit Price]] -> 450 | H5: {=_xlfn.IFS(Table1[[#This Row],[Total Revenue]]>1000,"High",Table1[[#This Row],[Total Revenue]]>=500,"Medium",Table1[[#This Row],[Total Revenue]]<500,"Low")} -> Low | I5: =Table1[[#This Row],[Total Revenue]]*VLOOKUP(Table1[[#This Row],[Product ID]],Table2[],5,FALSE) -> 67.5 | J5: =TEXT(Table1[[#This Row],[Date]],"mmmm") -> October | L5: SNK-03 | M5: Pro Glide | N5: Sneakers | O5: 180 | P5: 0.18 | R5: E103 | S5: Chloe
A6: 1004 | B6: 45568 | C6: E104 | D6: APP-01 | E6: 4 | F6: =_xlfn.XLOOKUP(Table1[[#This Row],[Product ID]],Table2[Product ID],Table2[Unit Price]) -> 35 | G6: =Table1[[#This Row],[Units Sold]]*Table1[[#This Row],[Unit Price]] -> 140 | H6: {=_xlfn.IFS(Table1[[#This Row],[Total Revenue]]>1000,"High",Table1[[#This Row],[Total Revenue]]>=500,"Medium",Table1[[#This Row],[Total Revenue]]<500,"Low")} -> Low | I6: =Table1[[#This Row],[Total Revenue]]*VLOOKUP(Table1[[#This Row],[Product ID]],Table2[],5,FALSE) -> 14 | J6: =TEXT(Table1[[#This Row],[Date]],"mmmm") -> October | L6: APP-01 | M6: Fit Tee | N6: Apparel | O6: 35 | P6: 0.1 | R6: E104 | S6: David
A7: 1005 | B7: 45568 | C7: E101 | D7: ACC-01 | E7: 6 | F7: =_xlfn.XLOOKUP(Table1[[#This Row],[Product ID]],Table2[Product ID],Table2[Unit Price]) -> 25 | G7: =Table1[[#This Row],[Units Sold]]*Table1[[#This Row],[Unit Price]] -> 150 | H7: {=_xlfn.IFS(Table1[[#This Row],[Total Revenue]]>1000,"High",Table1[[#This Row],[Total Revenue]]>=500,"Medium",Table1[[#This Row],[Total Revenue]]<500,"Low")} -> Low | I7: =Table1[[#This Row],[Total Revenue]]*VLOOKUP(Table1[[#This Row],[Product ID]],Table2[],5,FALSE) -> 12 | J7: =TEXT(Table1[[#This Row],[Date]],"mmmm") -> October | L7: APP-02 | M7: Training Shorts | N7: Apparel | O7: 55 | P7: 0.1
A8: 1006 | B8: 45569 | C8: E102 | D8: APP-02 | E8: 2 | F8: =_xlfn.XLOOKUP(Table1[[#This Row],[Product ID]],Table2[Product ID],Table2[Unit Price]) -> 55 | G8: =Table1[[#This Row],[Units Sold]]*Table1[[#This Row],[Unit Price]] -> 110 | H8: {=_xlfn.IFS(Table1[[#This Row],[Total Revenue]]>1000,"High",Table1[[#This Row],[Total Revenue]]>=500,"Medium",Table1[[#This Row],[Total Revenue]]<500,"Low")} -> Low | I8: =Table1[[#This Row],[Total Revenue]]*VLOOKUP(Table1[[#This Row],[Product ID]],Table2[],5,FALSE) -> 11 | J8: =TEXT(Table1[[#This Row],[Date]],"mmmm") -> October | L8: APP-03 | M8: Windbreaker | N8: Apparel | O8: 85 | P8: 0.12
A9: 1007 | B9: 45569 | C9: E103 | D9: SNK-03 | E9: 5 | F9: =_xlfn.XLOOKUP(Table1[[#This Row],[Product ID]],Table2[Product ID],Table2[Unit Price]) -> 180 | G9: =Table1[[#This Row],[Units Sold]]*Table1[[#This Row],[Unit Price]] -> 900 | H9: {=_xlfn.IFS(Table1[[#This Row],[Total Revenue]]>1000,"High",Table1[[#This Row],[Total Revenue]]>=500,"Medium",Table1[[#This Row],[Total Revenue]]<500,"Low")} -> Medium | I9: =Table1[[#This Row],[Total Revenue]]*VLOOKUP(Table1[[#This Row],[Product ID]],Table2[],5,FALSE) -> 162 | J9: =TEXT(Table1[[#This Row],[Date]],"mmmm") -> October | L9: ACC-01 | M9: Sport Cap | N9: Accessories | O9: 25 | P9: 0.08
A10: 1008 | B10: 45570 | C10: E104 | D10: ACC-02 | E10: 1 | F10: =_xlfn.XLOOKUP(Table1[[#This Row],[Product ID]],Table2[Product ID],Table2[Unit Price]) -> 20 | G10: =Table1[[#This Row],[Units Sold]]*Table1[[#This Row],[Unit Price]] -> 20 | H10: {=_xlfn.IFS(Table1[[#This Row],[Total Revenue]]>1000,"High",Table1[[#This Row],[Total Revenue]]>=500,"Medium",Table1[[#This Row],[Total Revenue]]<500,"Low")} -> Low | I10: =Table1[[#This Row],[Total Revenue]]*VLOOKUP(Table1[[#This Row],[Product ID]],Table2[],5,FALSE) -> 1.6 | J10: =TEXT(Table1[[#This Row],[Date]],"mmmm") -> October | L10: ACC-02 | M10: Water Bottle | N10: Accessories | O10: 20 | P10: 0.08
A11: 1009 | B11: 45571 | C11: E101 | D11: APP-03 | E11: 3 | F11: =_xlfn.XLOOKUP(Table1[[#This Row],[Product ID]],Table2[Product ID],Table2[Unit Price]) -> 85 | G11: =Table1[[#This Row],[Units Sold]]*Table1[[#This Row],[Unit Price]] -> 255 | H11: {=_xlfn.IFS(Table1[[#This Row],[Total Revenue]]>1000,"High",Table1[[#This Row],[Total Revenue]]>=500,"Medium",Table1[[#This Row],[Total Revenue]]<500,"Low")} -> Low | I11: =Table1[[#This Row],[Total Revenue]]*VLOOKUP(Table1[[#This Row],[Product ID]],Table2[],5,FALSE) -> 30.6 | J11: =TEXT(Table1[[#This Row],[Date]],"mmmm") -> October | L11: ACC-03 | M11: Gym Bag | N11: Accessories | O11: 50 | P11: 0.1
A12: 1010 | B12: 45571 | C12: E102 | D12: SNK-01 | E12: 2 | F12: =_xlfn.XLOOKUP(Table1[[#This Row],[Product ID]],Table2[Product ID],Table2[Unit Price]) -> 120 | G12: =Table1[[#This Row],[Units Sold]]*Table1[[#This Row],[Unit Price]] -> 240 | H12: {=_xlfn.IFS(Table1[[#This Row],[Total Revenue]]>1000,"High",Table1[[#This Row],[Total Revenue]]>=500,"Medium",Table1[[#This Row],[Total Revenue]]<500,"Low")} -> Low | I12: =Table1[[#This Row],[Total Revenue]]*VLOOKUP(Table1[[#This Row],[Product ID]],Table2[],5,FALSE) -> 36 | J12: =TEXT(Table1[[#This Row],[Date]],"mmmm") -> October
A13: 1011 | B13: 45573 | C13: E103 | D13: ACC-03 | E13: 4 | F13: =_xlfn.XLOOKUP(Table1[[#This Row],[Product ID]],Table2[Product ID],Table2[Unit Price]) -> 50 | G13: =Table1[[#This Row],[Units Sold]]*Table1[[#This Row],[Unit Price]] -> 200 | H13: {=_xlfn.IFS(Table1[[#This Row],[Total Revenue]]>1000,"High",Table1[[#This Row],[Total Revenue]]>=500,"Medium",Table1[[#This Row],[Total Revenue]]<500,"Low")} -> Low | I13: =Table1[[#This Row],[Total Revenue]]*VLOOKUP(Table1[[#This Row],[Product ID]],Table2[],5,FALSE) -> 20 | J13: =TEXT(Table1[[#This Row],[Date]],"mmmm") -> October
A14: 1012 | B14: 45574 | C14: E104 | D14: SNK-02 | E14: 5 | F14: =_xlfn.XLOOKUP(Table1[[#This Row],[Product ID]],Table2[Product ID],Table2[Unit Price]) -> 150 | G14: =Table1[[#This Row],[Units Sold]]*Table1[[#This Row],[Unit Price]] -> 750 | H14: {=_xlfn.IFS(Table1[[#This Row],[Total Revenue]]>1000,"High",Table1[[#This Row],[Total Revenue]]>=500,"Medium",Table1[[#This Row],[Total Revenue]]<500,"Low")} -> Medium | I14: =Table1[[#This Row],[Total Revenue]]*VLOOKUP(Table1[[#This Row],[Product ID]],Table2[],5,FALSE) -> 112.5 | J14: =TEXT(Table1[[#This Row],[Date]],"mmmm") -> October
A15: 1013 | B15: 45575 | C15: E101 | D15: APP-01 | E15: 3 | F15: =_xlfn.XLOOKUP(Table1[[#This Row],[Product ID]],Table2[Product ID],Table2[Unit Price]) -> 35 | G15: =Table1[[#This Row],[Units Sold]]*Table1[[#This Row],[Unit Price]] -> 105 | H15: {=_xlfn.IFS(Table1[[#This Row],[Total Revenue]]>1000,"High",Table1[[#This Row],[Total Revenue]]>=500,"Medium",Table1[[#This Row],[Total Revenue]]<500,"Low")} -> Low | I15: =Table1[[#This Row],[Total Revenue]]*VLOOKUP(Table1[[#This Row],[Product ID]],Table2[],5,FALSE) -> 10.5 | J15: =TEXT(Table1[[#This Row],[Date]],"mmmm") -> October
A16: 1014 | B16: 45576 | C16: E102 | D16: ACC-01 | E16: 6 | F16: =_xlfn.XLOOKUP(Table1[[#This Row],[Product ID]],Table2[Product ID],Table2[Unit Price]) -> 25 | G16: =Table1[[#This Row],[Units Sold]]*Table1[[#This Row],[Unit Price]] -> 150 | H16: {=_xlfn.IFS(Table1[[#This Row],[Total Revenue]]>1000,"High",Table1[[#This Row],[Total Revenue]]>=500,"Medium",Table1[[#This Row],[Total Revenue]]<500,"Low")} -> Low | I16: =Table1[[#This Row],[Total Revenue]]*VLOOKUP(Table1[[#This Row],[Product ID]],Table2[],5,FALSE) -> 12 | J16: =TEXT(Table1[[#This Row],[Date]],"mmmm") -> October
A17: 1015 | B17: 45577 | C17: E103 | D17: SNK-03 | E17: 2 | F17: =_xlfn.XLOOKUP(Table1[[#This Row],[Product ID]],Table2[Product ID],Table2[Unit Price]) -> 180 | G17: =Table1[[#This Row],[Units Sold]]*Table1[[#This Row],[Unit Price]] -> 360 | H17: {=_xlfn.IFS(Table1[[#This Row],[Total Revenue]]>1000,"High",Table1[[#This Row],[Total Revenue]]>=500,"Medium",Table1[[#This Row],[Total Revenue]]<500,"Low")} -> Low | I17: =Table1[[#This Row],[Total Revenue]]*VLOOKUP(Table1[[#This Row],[Product ID]],Table2[],5,FALSE) -> 64.8 | J17: =TEXT(Table1[[#This Row],[Date]],"mmmm") -> October
A18: 1016 | B18: 45578 | C18: E104 | D18: APP-02 | E18: 4 | F18: =_xlfn.XLOOKUP(Table1[[#This Row],[Product ID]],Table2[Product ID],Table2[Unit Price]) -> 55 | G18: =Table1[[#This Row],[Units Sold]]*Table1[[#This Row],[Unit Price]] -> 220 | H18: {=_xlfn.IFS(Table1[[#This Row],[Total Revenue]]>1000,"High",Table1[[#This Row],[Total Revenue]]>=500,"Medium",Table1[[#This Row],[Total Revenue]]<500,"Low")} -> Low | I18: =Table1[[#This Row],[Total Revenue]]*VLOOKUP(Table1[[#This Row],[Product ID]],Table2[],5,FALSE) -> 22 | J18: =TEXT(Table1[[#This Row],[Date]],"mmmm") -> October
A19: 1017 | B19: 45579 | C19: E101 | D19: ACC-02 | E19: 1 | F19: =_xlfn.XLOOKUP(Table1[[#This Row],[Product ID]],Table2[Product ID],Table2[Unit Price]) -> 20 | G19: =Table1[[#This Row],[Units Sold]]*Table1[[#This Row],[Unit Price]] -> 20 | H19: {=_xlfn.IFS(Table1[[#This Row],[Total Revenue]]>1000,"High",Table1[[#This Row],[Total Revenue]]>=500,"Medium",Table1[[#This Row],[Total Revenue]]<500,"Low")} -> Low | I19: =Table1[[#This Row],[Total Revenue]]*VLOOKUP(Table1[[#This Row],[Product ID]],Table2[],5,FALSE) -> 1.6 | J19: =TEXT(Table1[[#This Row],[Date]],"mmmm") -> October
A20: 1018 | B20: 45580 | C20: E102 | D20: SNK-02 | E20: 5 | F20: =_xlfn.XLOOKUP(Table1[[#This Row],[Product ID]],Table2[Product ID],Table2[Unit Price]) -> 150 | G20: =Table1[[#This Row],[Units Sold]]*Table1[[#This Row],[Unit Price]] -> 750 | H20: {=_xlfn.IFS(Table1[[#This Row],[Total Revenue]]>1000,"High",Table1[[#This Row],[Total Revenue]]>=500,"Medium",Table1[[#This Row],[Total Revenue]]<500,"Low")} -> Medium | I20: =Table1[[#This Row],[Total Revenue]]*VLOOKUP(Table1[[#This Row],[Product ID]],Table2[],5,FALSE) -> 112.5 | J20: =TEXT(Table1[[#This Row],[Date]],"mmmm") -> October
A21: 1019 | B21: 45581 | C21: E103 | D21: APP-03 | E21: 3 | F21: =_xlfn.XLOOKUP(Table1[[#This Row],[Product ID]],Table2[Product ID],Table2[Unit Price]) -> 85 | G21: =Table1[[#This Row],[Units Sold]]*Table1[[#This Row],[Unit Price]] -> 255 | H21: {=_xlfn.IFS(Table1[[#This Row],[Total Revenue]]>1000,"High",Table1[[#This Row],[Total Revenue]]>=500,"Medium",Table1[[#This Row],[Total Revenue]]<500,"Low")} -> Low | I21: =Table1[[#This Row],[Total Revenue]]*VLOOKUP(Table1[[#This Row],[Product ID]],Table2[],5,FALSE) -> 30.6 | J21: =TEXT(Table1[[#This Row],[Date]],"mmmm") -> October
A22: 1020 | B22: 45582 | C22: E104 | D22: SNK-01 | E22: 6 | F22: =_xlfn.XLOOKUP(Table1[[#This Row],[Product ID]],Table2[Product ID],Table2[Unit Price]) -> 120 | G22: =Table1[[#This Row],[Units Sold]]*Table1[[#This Row],[Unit Price]] -> 720 | H22: {=_xlfn.IFS(Table1[[#This Row],[Total Revenue]]>1000,"High",Table1[[#This Row],[Total Revenue]]>=500,"Medium",Table1[[#This Row],[Total Revenue]]<500,"Low")} -> Medium | I22: =Table1[[#This Row],[Total Revenue]]*VLOOKUP(Table1[[#This Row],[Product ID]],Table2[],5,FALSE) -> 108 | J22: =TEXT(Table1[[#This Row],[Date]],"mmmm") -> October
A23: 1021 | B23: 45597 | C23: E101 | D23: ACC-03 | E23: 3 | F23: =_xlfn.XLOOKUP(Table1[[#This Row],[Product ID]],Table2[Product ID],Table2[Unit Price]) -> 50 | G23: =Table1[[#This Row],[Units Sold]]*Table1[[#This Row],[Unit Price]] -> 150 | H23: {=_xlfn.IFS(Table1[[#This Row],[Total Revenue]]>1000,"High",Table1[[#This Row],[Total Revenue]]>=500,"Medium",Table1[[#This Row],[Total Revenue]]<500,"Low")} -> Low | I23: =Table1[[#This Row],[Total Revenue]]*VLOOKUP(Table1[[#This Row],[Product ID]],Table2[],5,FALSE) -> 15 | J23: =TEXT(Table1[[#This Row],[Date]],"mmmm") -> November
... A185: 1199 | B185: 45747 | C185: E103 | D185: APP-01 | E185: 4 | F185: =_xlfn.XLOOKUP(Table1[[#This Row],[Product ID]],Table2[Product ID],Table2[Unit Price]) -> 35 | G185: =Table1[[#This Row],[Units Sold]]*Table1[[#This Row],[Unit Price]] -> 140 | H185: {=_xlfn.IFS(Table1[[#This Row],[Total Revenue]]>1000,"High",Table1[[#This Row],[Total Revenue]]>=500,"Medium",Table1[[#This Row],[Total Revenue]]<500,"Low")} -> Low | I185: =Table1[[#This Row],[Total Revenue]]*VLOOKUP(Table1[[#This Row],[Product ID]],Table2[],5,FALSE) -> 14 | J185: =TEXT(Table1[[#This Row],[Date]],"mmmm") -> March
A186: 1200 | B186: 45747 | C186: E104 | D186: SNK-01 | E186: 8 | F186: 120 | G186: =Table1[[#This Row],[Units Sold]]*Table1[[#This Row],[Unit Price]] -> 960 | H186: {=_xlfn.IFS(Table1[[#This Row],[Total Revenue]]>1000,"High",Table1[[#This Row],[Total Revenue]]>=500,"Medium",Table1[[#This Row],[Total Revenue]]<500,"Low")} -> Medium | I186: =Table1[[#This Row],[Total Revenue]]*VLOOKUP(Table1[[#This Row],[Product ID]],Table2[],5,FALSE) -> 144 | J186: =TEXT(Table1[[#This Row],[Date]],"mmmm") -> March

Sheet Dashboard
AA1: Months for data dropdown | AB1: {=_xlfn.UNIQUE(TEXT(_xlfn._xlws.SORT(Table1[Date]),"mmmm"))} -> October
A2: Sales Rep | B2: Month | AA2: January | AB2: November
A3: Ben | B3: December | C3: =MONTH(B3&1) -> 12 | AA3: February | AB3: December
AA4: March | AB4: January
A5: =_xlfn.CONCAT("Summary for ",A3," during ",B3) -> Summary for Ben during December | D5: Individual Transactions | Z5: April | AA5: April | AB5: February
A6: Total Revenue | B6: {=SUMPRODUCT((Table1[Sales Rep ID]=_xlfn.XLOOKUP(Dashboard!A3,Table3[Rep Name],Table3[Sales Rep ID]))* (MONTH(Table1[Date])=MONTH(Dashboard!B3&1))* (Table1[Total Revenue]))} -> 8835 | D6: Product Name | E6: Total Revenue | F6: Commission Amount | H6: Sales Rep | I6: High | J6: Medium | K6: Low | Z6: May | AA6: May | AB6: March
A7: Total Transactions | B7: {=SUMPRODUCT((Table1[Sales Rep ID]=_xlfn.XLOOKUP(Dashboard!A3,Table3[Rep Name],Table3[Sales Rep ID]))* (MONTH(Table1[Date])=MONTH(Dashboard!B3&1)))} -> 11 | D7: {=_xlfn._xlws.FILTER(_xlfn.HSTACK(_xlfn.XLOOKUP(Table1[Product ID],Table2[Product ID],Table2[Product Name]),Table1[Total Revenue],Table1[Commission Amount]), (Table1[Sales Rep ID]=_xlfn.XLOOKUP(Dashboard!A3,Table3[Rep Name],Table3[Sales Rep ID]))* (MONTH(Table1[Date])=MONTH(Dashboard!B3&1)))} -> Pro Glide | E7: 900 | F7: 162 | H7: No. of Transactions | I7: {=SUMPRODUCT((Table1[Sales Rep ID]=_xlfn.XLOOKUP(Dashboard!A3,Table3[Rep Name],Table3[Sales Rep ID]))* (MONTH(Table1[Date])=MONTH(Dashboard!B3&1))* (Table1[Commission Tier]="High"))} -> 4 | J7: {=SUMPRODUCT((Table1[Sales Rep ID]=_xlfn.XLOOKUP(Dashboard!A3,Table3[Rep Name],Table3[Sales Rep ID]))* (MONTH(Table1[Date])=MONTH(Dashboard!B3&1))* (Table1[Commission Tier]="Medium"))} -> 2 | K7: {=SUMPRODUCT((Table1[Sales Rep ID]=_xlfn.XLOOKUP(Dashboard!A3,Table3[Rep Name],Table3[Sales Rep ID]))* (MONTH(Table1[Date])=MONTH(Dashboard!B3&1))* (Table1[Commission Tier]="Low"))} -> 5 | Z7: June | AA7: June
A8: Average Revenue per Transaction | B8: =B6/B7 -> 803.18182 | D8: Street Flex | E8: 300 | F8: 45 | Z8: July | AA8: July
A9: Total no. of sales in "High" commission tier | B9: {=SUMPRODUCT((Table1[Sales Rep ID]=_xlfn.XLOOKUP(Dashboard!A3,Table3[Rep Name],Table3[Sales Rep ID]))* (MONTH(Table1[Date])=MONTH(Dashboard!B3&1))* (Table1[Commission Tier]="High"))} -> 4 | D9: Water Bottle | E9: 100 | F9: 8 | Z9: August | AA9: August
D10: Street Flex | E10: 600 | F10: 90 | AA10: September
D11: Street Flex | E11: 1800 | F11: 270 | AA11: October
D12: Air Runner | E12: 2160 | F12: 324 | AA12: November
D13: Sport Cap | E13: 100 | F13: 8 | AA13: December
D14: Air Runner | E14: 1200 | F14: 180
D15: Training Shorts | E15: 495 | F15: 49.5
D16: Water Bottle | E16: 100 | F16: 8
D17: Pro Glide | E17: 1080 | F17: 194.4
